person_id,first_name,last_name,display_first_last,display_last_comma_first,display_fi_last,player_slug,birthdate,school,country,last_affiliation,height,weight,season_exp,jersey,position,rosterstatus,games_played_current_season_flag,team_id,team_name,team_abbreviation,team_code,team_city,playercode,from_year,to_year,dleague_flag,nba_flag,games_played_flag,draft_year,draft_round,draft_number,greatest_75_flag
76003,Kareem,Abdul-Jabbar,Kareem Abdul-Jabbar,"Abdul-Jabbar, Kareem",K. Abdul-Jabbar,kareem-abdul-jabbar,1947-04-16,UCLA,USA,UCLA/USA,7-2,225.0,20.0,33,Center,Inactive,N,1610612747,Lakers,LAL,lakers,Los Angeles,HISTADD_kareem_abdul-jabbar,1970-01-01 00:00:00.000001969,1970-01-01 00:00:00.000001988,N,Y,Y,1969,1,1,Y
1628961,Kostas,Antetokounmpo,Kostas Antetokounmpo,"Antetokounmpo, Kostas",K. Antetokounmpo,kostas-antetokounmpo,1997-11-20,University of Dayton,Greece,Dayton/Greece,6-10,200.0,4.0,37,Forward,Inactive,N,1610612747,Lakers,LAL,lakers,Los Angeles,kostas_antetokounmpo,1970-01-01 00:00:00.000002018,1970-01-01 00:00:00.000002020,Y,Y,Y,2018,2,60,N
2546,Carmelo,Anthony,Carmelo Anthony,"Anthony, Carmelo",C. Anthony,carmelo-anthony,1984-05-29,Syracuse,USA,Syracuse/USA,6-7,238.0,20.0,7,Forward,Inactive,N,1610612747,Lakers,LAL,lakers,Los Angeles,carmelo_anthony,1970-01-01 00:00:00.000002003,1970-01-01 00:00:00.000002021,N,Y,Y,2003,1,3,Y
76127,Elgin,Baylor,Elgin Baylor,"Baylor, Elgin",E. Baylor,elgin-baylor,1934-09-16,Seattle,USA,Seattle/USA,6-5,225.0,14.0,22,Forward,Inactive,N,1610612747,Lakers,LAL,lakers,Los Angeles,HISTADD_elgin_baylor,1970-01-01 00:00:00.000001958,1970-01-01 00:00:00.000001971,N,Y,Y,1958,1,1,Y
203145,Kent,Bazemore,Kent Bazemore,"Bazemore, Kent",K. Bazemore,kent-bazemore,1989-07-01,Old Dominion,USA,Old Dominion/USA,6-4,195.0,11.0,9,Guard-Forward,Inactive,N,1610612747,Lakers,LAL,lakers,Los Angeles,kent_bazemore,1970-01-01 00:00:00.000002012,1970-01-01 00:00:00.000002021,Y,Y,Y,Undrafted,Undrafted,Undrafted,N
1627736,Malik,Beasley,Malik Beasley,"Beasley, Malik",M. Beasley,malik-beasley,1996-11-26,Florida State,USA,Florida State/USA,6-4,187.0,7.0,5,Guard,Active,N,1610612747,Lakers,LAL,lakers,Los Angeles,malik_beasley,1970-01-01 00:00:00.000002016,1970-01-01 00:00:00.000002023,Y,Y,Y,2016,1,19,N
712,Mario,Bennett,Mario Bennett,"Bennett, Mario",M. Bennett,mario-bennett,1973-08-01,Arizona State,USA,Arizona State/USA,6-9,235.0,5.0,24,Center-Forward,Inactive,N,1610612747,Lakers,LAL,lakers,Los Angeles,mario_bennett,1970-01-01 00:00:00.000001995,1970-01-01 00:00:00.000002002,N,Y,Y,1995,1,27,N
204028,Tarik,Black,Tarik Black,"Black, Tarik",T. Black,tarik-black,1991-11-22,Kansas,USA,Kansas/USA,6-9,250.0,5.0,28,Forward-Center,Inactive,N,1610612747,Lakers,LAL,lakers,Los Angeles,tarik_black,1970-01-01 00:00:00.000002014,1970-01-01 00:00:00.000002017,Y,Y,Y,Undrafted,Undrafted,Undrafted,N
76180,Alex,Blackwell,Alex Blackwell,"Blackwell, Alex",A. Blackwell,alex-blackwell,1970-06-27,Monmouth,USA,Monmouth/USA,6-6,250.0,1.0,30,Forward,Inactive,N,1610612747,Lakers,LAL,lakers,Los Angeles,HISTADD_alex_blackwell,1970-01-01 00:00:00.000001992,1970-01-01 00:00:00.000001992,N,Y,Y,Undrafted,Undrafted,Undrafted,N
202340,Avery,Bradley,Avery Bradley,"Bradley, Avery",A. Bradley,avery-bradley,1990-11-26,University of Texas at Austin,USA,Texas-Austin/USA,6-3,180.0,13.0,20,Guard,Inactive,N,1610612747,Lakers,LAL,lakers,Los Angeles,avery_bradley,1970-01-01 00:00:00.000002010,1970-01-01 00:00:00.000002021,Y,Y,Y,2010,1,19,N
1626148,Anthony,Brown,Anthony Brown,"Brown, Anthony",A. Brown,anthony-brown,1992-10-10,Stanford,USA,Stanford/USA,6-7,224.0,4.0,3,Forward-Guard,Inactive,N,1610612747,Lakers,LAL,lakers,Los Angeles,anthony_brown,1970-01-01 00:00:00.000002015,1970-01-01 00:00:00.000002017,Y,Y,Y,2015,2,34,N
76273,George,Brown,George Brown,"Brown, George",G. Brown,george-brown,1935-10-30,Wayne State,USA,Wayne State/USA,6-6,190.0,1.0,,Forward,Inactive,N,1610612747,Lakers,MNL,lakers,Minneapolis,HISTADD_george_brown,1970-01-01 00:00:00.000001957,1970-01-01 00:00:00.000001957,N,Y,Y,1957,4,27,N
203913,Jabari,Brown,Jabari Brown,"Brown, Jabari",J. Brown,jabari-brown,1992-12-18,Missouri,USA,Missouri/USA,6-5,214.0,2.0,15,Guard,Inactive,N,1610612747,Lakers,LAL,lakers,Los Angeles,jabari_brown,1970-01-01 00:00:00.000002014,1970-01-01 00:00:00.000002014,Y,Y,Y,2014,,,N
1628972,Troy,Brown Jr.,Troy Brown Jr.,"Brown Jr., Troy",T. Brown Jr.,troy-brown-jr,1999-07-28,Oregon,USA,Oregon/USA,6-7,215.0,5.0,7,Guard-Forward,Active,N,1610612747,Lakers,LAL,lakers,Los Angeles,troy_brown_jr,1970-01-01 00:00:00.000002018,1970-01-01 00:00:00.000002023,Y,Y,Y,2018,1,15,N
977,Kobe,Bryant,Kobe Bryant,"Bryant, Kobe",K. Bryant,kobe-bryant,1978-08-23,Lower Merion HS (PA),USA,Lower Merion HS (PA)/USA,6-6,212.0,20.0,24,Forward-Guard,Inactive,N,1610612747,Lakers,LAL,lakers,Los Angeles,kobe_bryant,1970-01-01 00:00:00.000001996,1970-01-01 00:00:00.000002015,N,Y,Y,1996,1,13,Y
76294,Steve,Bucknall,Steve Bucknall,"Bucknall, Steve",S. Bucknall,steve-bucknall,1966-03-17,North Carolina,USA,North Carolina/USA,6-6,215.0,1.0,24,Forward,Inactive,N,1610612747,Lakers,LAL,lakers,Los Angeles,HISTADD_steve_bucknall,1970-01-01 00:00:00.000001989,1970-01-01 00:00:00.000001989,N,Y,Y,Undrafted,Undrafted,Undrafted,N
101115,Andrew,Bynum,Andrew Bynum,"Bynum, Andrew",A. Bynum,andrew-bynum,1987-10-27,St. Joseph HS (NJ),USA,St. Joseph HS (NJ)/USA,7-0,285.0,8.0,17,Center,Inactive,N,1610612747,Lakers,LAL,lakers,Los Angeles,andrew_bynum,1970-01-01 00:00:00.000002005,1970-01-01 00:00:00.000002013,N,Y,Y,2005,1,10,N
76332,Demetrius,Calip,Demetrius Calip,"Calip, Demetrius",D. Calip,demetrius-calip,1969-11-18,Michigan,USA,Michigan/USA,6-1,165.0,1.0,7,Guard,Inactive,N,1610612747,Lakers,LAL,lakers,Los Angeles,HISTADD_demetrius_calip,1970-01-01 00:00:00.000001991,1970-01-01 00:00:00.000001991,N,Y,Y,Undrafted,Undrafted,Undrafted,N
922,Elden,Campbell,Elden Campbell,"Campbell, Elden",E. Campbell,elden-campbell,1968-07-23,Clemson,USA,Clemson/USA,7-0,279.0,16.0,41,Center-Forward,Inactive,N,1610612747,Lakers,LAL,lakers,Los Angeles,elden_campbell,1970-01-01 00:00:00.000001990,1970-01-01 00:00:00.000002004,N,Y,Y,1990,1,27,N
202382,Derrick,Caracter,Derrick Caracter,"Caracter, Derrick",D. Caracter,derrick-caracter,1988-05-04,Texas-El Paso,USA,Texas-El Paso/USA,6-9,275.0,2.0,45,Forward,Inactive,N,1610612747,Lakers,LAL,lakers,Los Angeles,derrick_caracter,1970-01-01 00:00:00.000002010,1970-01-01 00:00:00.000002010,Y,Y,Y,2010,2,58,N
76344,Don,Carlson,Don Carlson,"Carlson, Don",D. Carlson,don-carlson,1921-03-22,Minnesota,USA,Minnesota/USA,6-0,170.0,4.0,,Guard,Inactive,N,1610612747,Lakers,MNL,lakers,Minneapolis,HISTADD_swede_carlson,1970-01-01 00:00:00.000001946,1970-01-01 00:00:00.000001950,N,Y,Y,Undrafted,Undrafted,Undrafted,N
76345,Bob,Carney,Bob Carney,"Carney, Bob",B. Carney,bob-carney,1932-08-03,Bradley,USA,Bradley/USA,6-3,170.0,1.0,18,Center,Inactive,N,1610612747,Lakers,MNL,lakers,Minneapolis,HISTADD_bob_carney,1970-01-01 00:00:00.000001954,1970-01-01 00:00:00.000001954,N,Y,Y,1954,6,47,N
76361,Ron,Carter,Ron Carter,"Carter, Ron",R. Carter,ron-carter,1956-08-31,Virginia Military Institute,USA,Virginia Military Institute/USA,6-5,190.0,2.0,13,Guard,Inactive,N,1610612747,Lakers,LAL,lakers,Los Angeles,HISTADD_ron_carter,1970-01-01 00:00:00.000001978,1970-01-01 00:00:00.000001979,N,Y,Y,1978,2,26,N
76363,Jay,Carty,Jay Carty,"Carty, Jay",J. Carty,jay-carty,1941-07-04,Oregon State,USA,Oregon State/USA,6-7,220.0,1.0,52,Forward,Inactive,N,1610612747,Lakers,LAL,lakers,Los Angeles,HISTADD_jay_carty,1970-01-01 00:00:00.000001968,1970-01-01 00:00:00.000001968,N,Y,Y,1962,6,46,N
1030,Duane,Cooper,Duane Cooper,"Cooper, Duane",D. Cooper,duane-cooper,1969-06-25,Southern California,USA,Southern California/USA,6-1,185.0,2.0,10,Guard,Inactive,N,1610612747,Lakers,LAL,lakers,Los Angeles,duane_cooper,1970-01-01 00:00:00.000001992,1970-01-01 00:00:00.000001993,N,Y,Y,1992,2,36,N
76444,Michael,Cooper,Michael Cooper,"Cooper, Michael",M. Cooper,michael-cooper,1956-04-15,New Mexico,USA,New Mexico/USA,6-7,170.0,12.0,21,Guard,Inactive,N,1610612747,Lakers,LAL,lakers,Los Angeles,HISTADD_michael_cooper,1970-01-01 00:00:00.000001978,1970-01-01 00:00:00.000001989,N,Y,Y,1978,3,60,N
76458,Mel,Counts,Mel Counts,"Counts, Mel",M. Counts,mel-counts,1941-10-16,Oregon State,USA,Oregon State/USA,7-0,230.0,12.0,31,Center,Inactive,N,1610612747,Lakers,LAL,lakers,Los Angeles,HISTADD_mel_counts,1970-01-01 00:00:00.000001964,1970-01-01 00:00:00.000001975,N,Y,Y,1964,1,7,N
76466,Freddie,Crawford,Freddie Crawford,"Crawford, Freddie",F. Crawford,freddie-crawford,1940-12-23,St. Bonaventure,USA,St. Bonaventure/USA,6-4,189.0,5.0,15,Guard,Inactive,N,1610612747,Lakers,LAL,lakers,Los Angeles,HISTADD_freddie_crawford,1970-01-01 00:00:00.000001966,1970-01-01 00:00:00.000001970,N,Y,Y,1964,4,26,N
203076,Anthony,Davis,Anthony Davis,"Davis, Anthony",A. Davis,anthony-davis,1993-03-11,Kentucky,USA,Kentucky/USA,6-10,253.0,11.0,3,Forward-Center,Active,N,1610612747,Lakers,LAL,lakers,Los Angeles,anthony_davis,1970-01-01 00:00:00.000002012,1970-01-01 00:00:00.000002023,N,Y,Y,2012,1,1,Y
124,Vlade,Divac,Vlade Divac,"Divac, Vlade",V. Divac,vlade-divac,1968-02-03,Partizan,Serbia,Partizan/Serbia,7-1,260.0,17.0,21,Center,Inactive,N,1610612747,Lakers,LAL,lakers,Los Angeles,vlade_divac,1970-01-01 00:00:00.000001989,1970-01-01 00:00:00.000002004,N,Y,Y,1989,1,26,N
202365,Devin,Ebanks,Devin Ebanks,"Ebanks, Devin",D. Ebanks,devin-ebanks,1989-10-28,West Virginia,USA,West Virginia/USA,6-9,215.0,4.0,3,Forward,Inactive,N,1610612747,Lakers,LAL,lakers,Los Angeles,devin_ebanks,1970-01-01 00:00:00.000002010,1970-01-01 00:00:00.000002012,Y,Y,Y,2010,2,43,N
201961,Wayne,Ellington,Wayne Ellington,"Ellington, Wayne",W. Ellington,wayne-ellington,1987-11-29,North Carolina,USA,North Carolina/USA,6-4,207.0,14.0,2,Guard,Inactive,N,1610612747,Lakers,LAL,lakers,Los Angeles,wayne_ellington,1970-01-01 00:00:00.000002009,1970-01-01 00:00:00.000002021,N,Y,Y,2009,1,28,N
76658,Alexander,Ellis,Alexander Ellis,"Ellis, Alexander",A. Ellis,alexander-ellis,1936-02-11,Niagara,USA,Niagara/USA,6-5,185.0,2.0,30,Forward,Inactive,N,1610612747,Lakers,MNL,lakers,Minneapolis,HISTADD_boo_ellis,1970-01-01 00:00:00.000001958,1970-01-01 00:00:00.000001959,N,Y,Y,1958,3,16,N
76663,Leroy,Ellis,Leroy Ellis,"Ellis, Leroy",L. Ellis,leroy-ellis,1940-03-10,St. John's (NY),USA,St. John's (NY)/USA,6-11,210.0,14.0,25,Forward,Inactive,N,1610612747,Lakers,LAL,lakers,Los Angeles,HISTADD_leroy_ellis,1970-01-01 00:00:00.000001962,1970-01-01 00:00:00.000001975,N,Y,Y,1962,1,6,N
203898,Tyler,Ennis,Tyler Ennis,"Ennis, Tyler",T. Ennis,tyler-ennis,1994-08-24,Syracuse,Canada,Syracuse/Canada,6-3,194.0,4.0,10,Guard,Inactive,N,1610612747,Lakers,LAL,lakers,Los Angeles,tyler_ennis,1970-01-01 00:00:00.000002014,1970-01-01 00:00:00.000002017,Y,Y,Y,2014,1,18,N
76679,Bo,Erias,Bo Erias,"Erias, Bo",B. Erias,bo-erias,1932-07-30,Niagara,USA,Niagara/USA,6-3,220.0,1.0,,Forward,Inactive,N,1610612747,Lakers,MNL,lakers,Minneapolis,HISTADD_bo_erias,1970-01-01 00:00:00.000001957,1970-01-01 00:00:00.000001957,N,Y,Y,1954,5,43,N
76680,Keith,Erickson,Keith Erickson,"Erickson, Keith",K. Erickson,keith-erickson,1944-04-19,UCLA,USA,UCLA/USA,6-5,195.0,12.0,14,Forward,Inactive,N,1610612747,Lakers,LAL,lakers,Los Angeles,HISTADD_keith_erickson,1970-01-01 00:00:00.000001965,1970-01-01 00:00:00.000001976,N,Y,Y,1965,3,18,N
76691,John,Fairchild,John Fairchild,"Fairchild, John",J. Fairchild,john-fairchild,1943-04-28,Brigham Young,USA,Brigham Young/USA,6-7,205.0,1.0,33,Forward,Inactive,N,1610612747,Lakers,LAL,lakers,Los Angeles,HISTADD_john_fairchild,1970-01-01 00:00:00.000001965,1970-01-01 00:00:00.000001965,N,Y,Y,1965,2,16,N
76701,Ron,Feiereisel,Ron Feiereisel,"Feiereisel, Ron",R. Feiereisel,ron-feiereisel,1931-08-06,DePaul,USA,DePaul/USA,6-3,185.0,1.0,22,Guard,Inactive,N,1610612747,Lakers,MNL,lakers,Minneapolis,HISTADD_ron_feiereisel,1970-01-01 00:00:00.000001955,1970-01-01 00:00:00.000001955,N,Y,Y,1953,,,N
76711,Arnie,Ferrin,Arnie Ferrin,"Ferrin, Arnie",A. Ferrin,arnie-ferrin,1925-07-29,Utah,USA,Utah/USA,6-4,180.0,3.0,18,Forward,Inactive,N,1610612747,Lakers,MNL,lakers,Minneapolis,HISTADD_arnie_ferrin,1970-01-01 00:00:00.000001948,1970-01-01 00:00:00.000001950,N,Y,Y,1948,,,N
965,Derek,Fisher,Derek Fisher,"Fisher, Derek",D. Fisher,derek-fisher,1974-08-09,Arkansas-Little Rock,USA,Arkansas-Little Rock/USA,6-1,210.0,18.0,6,Guard,Inactive,N,1610612747,Lakers,LAL,lakers,Los Angeles,derek_fisher,1970-01-01 00:00:00.000001996,1970-01-01 00:00:00.000002013,N,Y,Y,1996,1,24,N
76723,Ed,Fleming,Ed Fleming,"Fleming, Ed",E. Fleming,ed-fleming,1933-07-25,Niagara,USA,Niagara/USA,6-3,189.0,5.0,50,Guard,Inactive,N,1610612747,Lakers,MNL,lakers,Minneapolis,HISTADD_ed_fleming,1970-01-01 00:00:00.000001955,1970-01-01 00:00:00.000001959,N,Y,Y,1955,3,16,N
76734,Don,Ford,Don Ford,"Ford, Don",D. Ford,don-ford,1952-12-31,California-Santa Barbara,USA,California-Santa Barbara/USA,6-9,215.0,7.0,35,Forward,Inactive,N,1610612747,Lakers,LAL,lakers,Los Angeles,HISTADD_don_ford,1970-01-01 00:00:00.000001975,1970-01-01 00:00:00.000001981,N,Y,Y,1975,6,92,N
76738,Donnie,Forman,Donnie Forman,"Forman, Donnie",D. Forman,donnie-forman,1926-01-17,New York University,USA,New York University/USA,5-10,175.0,1.0,22,Guard,Inactive,N,1610612747,Lakers,MNL,lakers,Minneapolis,HISTADD_donnie_forman,1970-01-01 00:00:00.000001948,1970-01-01 00:00:00.000001948,N,Y,Y,Undrafted,Undrafted,Undrafted,N
296,Rick,Fox,Rick Fox,"Fox, Rick",R. Fox,rick-fox,1969-07-24,North Carolina,Canada,North Carolina/Canada,6-7,235.0,14.0,17,Forward,Inactive,N,1610612747,Lakers,LAL,lakers,Los Angeles,rick_fox,1970-01-01 00:00:00.000001991,1970-01-01 00:00:00.000002003,N,Y,Y,1991,1,24,N
76754,Donnie,Freeman,Donnie Freeman,"Freeman, Donnie",D. Freeman,donnie-freeman,1944-07-18,Illinois,USA,Illinois/USA,6-3,185.0,1.0,20,Guard,Inactive,N,1610612747,Lakers,LAL,lakers,Los Angeles,HISTADD_donnie_freeman,1970-01-01 00:00:00.000001975,1970-01-01 00:00:00.000001975,N,Y,Y,1966,3,29,N
1629117,Wenyen,Gabriel,Wenyen Gabriel,"Gabriel, Wenyen",W. Gabriel,wenyen-gabriel,1997-03-26,Kentucky,South Sudan,Kentucky/South Sudan,6-9,205.0,4.0,35,Forward,Active,N,1610612747,Lakers,LAL,lakers,Los Angeles,wenyen_gabriel,1970-01-01 00:00:00.000002018,1970-01-01 00:00:00.000002023,Y,Y,Y,Undrafted,Undrafted,Undrafted,N
76778,Earl,Gardner,Earl Gardner,"Gardner, Earl",E. Gardner,earl-gardner,1923-09-18,DePauw,USA,DePauw/USA,6-3,195.0,1.0,14,Forward,Inactive,N,1610612747,Lakers,MNL,lakers,Minneapolis,HISTADD_red_gardner,1970-01-01 00:00:00.000001948,1970-01-01 00:00:00.000001948,N,Y,Y,1948,,,N
76783,Dick,Garmaker,Dick Garmaker,"Garmaker, Dick",D. Garmaker,dick-garmaker,1932-10-29,Minnesota,USA,Minnesota/USA,6-3,200.0,6.0,17,Guard,Inactive,N,1610612747,Lakers,MNL,lakers,Minneapolis,HISTADD_dick_garmaker,1970-01-01 00:00:00.000001955,1970-01-01 00:00:00.000001960,N,Y,Y,1955,,,N
2200,Pau,Gasol,Pau Gasol,"Gasol, Pau",P. Gasol,pau-gasol,1980-07-06,FC Barcelona,Spain,FC Barcelona/Germany,7-0,250.0,19.0,16,Center-Forward,Inactive,N,1610612747,Lakers,LAL,lakers,Los Angeles,pau_gasol,1970-01-01 00:00:00.000002001,1970-01-01 00:00:00.000002018,N,Y,Y,2001,1,3,N
1904,Devean,George,Devean George,"George, Devean",D. George,devean-george,1977-08-29,Augsburg,USA,Augsburg/USA,6-8,235.0,12.0,19,Forward,Inactive,N,1610612747,Lakers,LAL,lakers,Los Angeles,devean_george,1970-01-01 00:00:00.000001999,1970-01-01 00:00:00.000002009,N,Y,Y,1999,1,23,N
76823,Norman,Glick,Norman Glick,"Glick, Norman",N. Glick,norman-glick,1927-11-10,Loyola-Marymount,USA,Loyola-Marymount/USA,6-6,190.0,1.0,20,Forward,Inactive,N,1610612747,Lakers,MNL,lakers,Minneapolis,HISTADD_normie_glick,1970-01-01 00:00:00.000001949,1970-01-01 00:00:00.000001949,N,Y,Y,Undrafted,Undrafted,Undrafted,N
76832,Gail,Goodrich,Gail Goodrich,"Goodrich, Gail",G. Goodrich,gail-goodrich,1943-04-23,UCLA,USA,UCLA/USA,6-1,170.0,14.0,25,Guard,Inactive,N,1610612747,Lakers,LAL,lakers,Los Angeles,HISTADD_gail_goodrich,1970-01-01 00:00:00.000001965,1970-01-01 00:00:00.000001978,N,Y,Y,1965,,,N
202726,Andrew,Goudelock,Andrew Goudelock,"Goudelock, Andrew",A. Goudelock,andrew-goudelock,1988-12-07,College of Charleston,USA,College of Charleston/USA,6-3,200.0,4.0,0,Guard,Inactive,N,1610612747,Lakers,LAL,lakers,Los Angeles,andrew_goudelock,1970-01-01 00:00:00.000002011,1970-01-01 00:00:00.000002015,Y,Y,Y,2011,2,46,N
76850,Bud,Grant,Bud Grant,"Grant, Bud",B. Grant,bud-grant,1927-05-20,Minnesota,USA,Minnesota/USA,6-3,195.0,2.0,20,Forward,Inactive,N,1610612747,Lakers,MNL,lakers,Minneapolis,HISTADD_bud_grant,1970-01-01 00:00:00.000001949,1970-01-01 00:00:00.000001950,N,Y,Y,1950,4,,N
76853,Travis,Grant,Travis Grant,"Grant, Travis",T. Grant,travis-grant,1950-01-01,Kentucky State,USA,Kentucky State/USA,6-7,215.0,2.0,33,Forward,Inactive,N,1610612747,Lakers,LAL,lakers,Los Angeles,HISTADD_machinegun_grant,1970-01-01 00:00:00.000001972,1970-01-01 00:00:00.000001973,N,Y,Y,1972,1,13,N
920,A.C.,Green,A.C. Green,"Green, A.C.",A. Green,ac-green,1963-10-04,Oregon State,USA,Oregon State/USA,6-9,225.0,16.0,45,Forward,Inactive,N,1610612747,Lakers,LAL,lakers,Los Angeles,a.c._green,1970-01-01 00:00:00.000001985,1970-01-01 00:00:00.000002000,N,Y,Y,1985,1,23,N
76896,Jerry,Grote,Jerry Grote,"Grote, Jerry",J. Grote,jerry-grote,1940-12-28,Loyola-Marymount,USA,Loyola-Marymount/USA,6-4,215.0,1.0,32,Guard,Inactive,N,1610612747,Lakers,LAL,lakers,Los Angeles,HISTADD_jerry_grote,1970-01-01 00:00:00.000001964,1970-01-01 00:00:00.000001964,N,Y,Y,1962,4,28,N
1629060,Rui,Hachimura,Rui Hachimura,"Hachimura, Rui",R. Hachimura,rui-hachimura,1998-02-08,Gonzaga,Japan,Gonzaga/Japan,6-8,230.0,4.0,28,Forward,Active,N,1610612747,Lakers,LAL,lakers,Los Angeles,rui_hachimura,1970-01-01 00:00:00.000002019,1970-01-01 00:00:00.000002023,N,Y,Y,2019,1,9,N
76916,Happy,Hairston,Happy Hairston,"Hairston, Happy",H. Hairston,happy-hairston,1942-05-31,New York University,USA,New York University/USA,6-7,225.0,11.0,52,Forward,Inactive,N,1610612747,Lakers,LAL,lakers,Los Angeles,HISTADD_happy_hairston,1970-01-01 00:00:00.000001964,1970-01-01 00:00:00.000001974,N,Y,Y,1964,4,33,N
76926,Dennis,Hamilton,Dennis Hamilton,"Hamilton, Dennis",D. Hamilton,dennis-hamilton,1944-05-08,Arizona State,USA,Arizona State/USA,6-8,210.0,2.0,12,Forward,Inactive,N,1610612747,Lakers,LAL,lakers,Los Angeles,HISTADD_dennis_hamilton,1970-01-01 00:00:00.000001967,1970-01-01 00:00:00.000001968,N,Y,Y,Undrafted,Undrafted,Undrafted,N
76929,Steve,Hamilton,Steve Hamilton,"Hamilton, Steve",S. Hamilton,steve-hamilton,1935-11-30,Morehead State,USA,Morehead State/USA,6-6,190.0,2.0,30,Forward,Inactive,N,1610612747,Lakers,MNL,lakers,Minneapolis,HISTADD_steve_hamilton,1970-01-01 00:00:00.000001958,1970-01-01 00:00:00.000001959,N,Y,Y,1958,2,8,N
76962,Bob,Harrison,Bob Harrison,"Harrison, Bob",B. Harrison,bob-harrison,1927-08-12,Michigan,USA,Michigan/USA,6-1,190.0,9.0,3,Guard,Inactive,N,1610612747,Lakers,MNL,lakers,Minneapolis,HISTADD_tiger_harrison,1970-01-01 00:00:00.000001949,1970-01-01 00:00:00.000001957,N,Y,Y,1949,,,N
1627885,Shaquille,Harrison,Shaquille Harrison,"Harrison, Shaquille",S. Harrison,shaquille-harrison,1993-10-06,Tulsa,USA,Tulsa/USA,6-4,195.0,7.0,0,Guard,Inactive,N,1610612747,Lakers,LAL,lakers,Los Angeles,shaquille_harrison,1970-01-01 00:00:00.000002017,1970-01-01 00:00:00.000002022,Y,Y,Y,Undrafted,Undrafted,Undrafted,N
176,Antonio,Harvey,Antonio Harvey,"Harvey, Antonio",A. Harvey,antonio-harvey,1970-07-06,Pfeiffer,USA,Pfeiffer/USA,6-11,250.0,8.0,4,Forward-Center,Inactive,N,1610612747,Lakers,LAL,lakers,Los Angeles,antonio_harvey,1970-01-01 00:00:00.000001993,1970-01-01 00:00:00.000002002,N,Y,Y,Undrafted,Undrafted,Undrafted,N
76967,Billy,Hassett,Billy Hassett,"Hassett, Billy",B. Hassett,billy-hassett,1921-10-21,Notre Dame,USA,Notre Dame/USA,5-10,180.0,2.0,,Guard,Inactive,N,1610612747,Lakers,MNL,lakers,Minneapolis,HISTADD_billy_hassett,1970-01-01 00:00:00.000001949,1970-01-01 00:00:00.000001950,N,Y,Y,Undrafted,Undrafted,Undrafted,N
76977,Tom,Hawkins,Tom Hawkins,"Hawkins, Tom",T. Hawkins,tom-hawkins,1936-12-22,Notre Dame,USA,Notre Dame/USA,6-5,210.0,10.0,33,Forward,Inactive,N,1610612747,Lakers,LAL,lakers,Los Angeles,HISTADD_hawk_j_hawkins,1970-01-01 00:00:00.000001959,1970-01-01 00:00:00.000001968,N,Y,Y,1959,1,3,N
201941,Jordan,Hill,Jordan Hill,"Hill, Jordan",J. Hill,jordan-hill,1987-07-27,Arizona,USA,Arizona/USA,6-10,240.0,9.0,27,Forward-Center,Inactive,N,1610612747,Lakers,LAL,lakers,Los Angeles,jordan_hill,1970-01-01 00:00:00.000002009,1970-01-01 00:00:00.000002016,N,Y,Y,2009,1,8,N
77032,Lew,Hitch,Lew Hitch,"Hitch, Lew",L. Hitch,lew-hitch,1929-07-16,Kansas State,USA,Kansas State/USA,6-8,200.0,6.0,14,Forward,Inactive,N,1610612747,Lakers,MNL,lakers,Minneapolis,HISTADD_lew_hitch,1970-01-01 00:00:00.000001951,1970-01-01 00:00:00.000001956,N,Y,Y,1951,2,19,N
77040,Brad,Holland,Brad Holland,"Holland, Brad",B. Holland,brad-holland,1956-12-06,UCLA,USA,UCLA/USA,6-3,180.0,3.0,14,Guard,Inactive,N,1610612747,Lakers,LAL,lakers,Los Angeles,HISTADD_brad_holland,1970-01-01 00:00:00.000001979,1970-01-01 00:00:00.000001981,N,Y,Y,1979,1,14,N
77045,Jim,Holstein,Jim Holstein,"Holstein, Jim",J. Holstein,jim-holstein,1930-09-24,Cincinnati,USA,Cincinnati/USA,6-3,180.0,4.0,10,Forward,Inactive,N,1610612747,Lakers,MNL,lakers,Minneapolis,HISTADD_jim_holstein,1970-01-01 00:00:00.000001952,1970-01-01 00:00:00.000001955,N,Y,Y,1952,,,N
77055,Johnny,Horan,Johnny Horan,"Horan, Johnny",J. Horan,johnny-horan,1932-11-24,Dayton,USA,Dayton/USA,6-8,190.0,1.0,,Forward,Inactive,N,1610612747,Lakers,MNL,lakers,Minneapolis,HISTADD_johnny_horan,1970-01-01 00:00:00.000001955,1970-01-01 00:00:00.000001955,N,Y,Y,1955,1,6,N
109,Robert,Horry,Robert Horry,"Horry, Robert",R. Horry,robert-horry,1970-08-25,Alabama,USA,Alabama/USA,6-10,240.0,17.0,25,Forward-Center,Inactive,N,1610612747,Lakers,LAL,lakers,Los Angeles,robert_horry,1970-01-01 00:00:00.000001992,1970-01-01 00:00:00.000002007,N,Y,Y,1992,1,11,N
2730,Dwight,Howard,Dwight Howard,"Howard, Dwight",D. Howard,dwight-howard,1985-12-08,                                   ,USA,SW Atlanta Christian Academy (GA)/USA,6-10,265.0,19.0,39,Center-Forward,Inactive,N,1610612747,Lakers,LAL,lakers,Los Angeles,dwight_howard,1970-01-01 00:00:00.000002004,1970-01-01 00:00:00.000002021,N,Y,Y,2004,1,1,N
77082,Rod,Hundley,Rod Hundley,"Hundley, Rod",R. Hundley,rod-hundley,1934-10-26,West Virginia,USA,West Virginia/USA,6-4,185.0,6.0,33,Guard,Inactive,N,1610612747,Lakers,LAL,lakers,Los Angeles,HISTADD_rod_hundley,1970-01-01 00:00:00.000001957,1970-01-01 00:00:00.000001962,N,Y,Y,1957,1,1,N
77090,Joe,Hutton,Joe Hutton,"Hutton, Joe",J. Hutton,joe-hutton,1928-10-06,Hamline,USA,Hamline/USA,6-1,170.0,2.0,4-15,Guard,Inactive,N,1610612747,Lakers,MNL,lakers,Minneapolis,HISTADD_joe_hutton,1970-01-01 00:00:00.000001950,1970-01-01 00:00:00.000001951,N,Y,Y,1950,7,,N
77093,Darrall,Imhoff,Darrall Imhoff,"Imhoff, Darrall",D. Imhoff,darrall-imhoff,1938-10-11,California,USA,California/USA,6-10,220.0,12.0,30-35,Center,Inactive,N,1610612747,Lakers,LAL,lakers,Los Angeles,HISTADD_bigd_imhoff,1970-01-01 00:00:00.000001960,1970-01-01 00:00:00.000001971,N,Y,Y,1960,1,3,N
77100,Tony,Jackson,Tony Jackson,"Jackson, Tony",T. Jackson,tony-jackson,1958-01-17,Florida State,USA,Florida State/USA,6-0,170.0,1.0,23,Guard,Inactive,N,1610612747,Lakers,LAL,lakers,Los Angeles,HISTADD_tony_jackson,1970-01-01 00:00:00.000001980,1970-01-01 00:00:00.000001980,N,Y,Y,1980,4,87,N
2544,LeBron,James,LeBron James,"James, LeBron",L. James,lebron-james,1984-12-30,St. Vincent-St. Mary HS (OH),USA,St. Vincent-St. Mary HS (OH)/USA,6-9,250.0,20.0,6,Forward,Active,N,1610612747,Lakers,LAL,lakers,Los Angeles,lebron_james,1970-01-01 00:00:00.000002003,1970-01-01 00:00:00.000002023,N,Y,Y,2003,1,1,Y
77123,Tony,Jaros,Tony Jaros,"Jaros, Tony",T. Jaros,tony-jaros,1920-02-22,Minnesota,USA,Minnesota/USA,6-3,185.0,4.0,13,Forward,Inactive,N,1610612747,Lakers,MNL,lakers,Minneapolis,HISTADD_tony_jaros,1970-01-01 00:00:00.000001946,1970-01-01 00:00:00.000001950,N,Y,Y,Undrafted,Undrafted,Undrafted,N
77135,Clay,Johnson,Clay Johnson,"Johnson, Clay",C. Johnson,clay-johnson,1956-07-18,Missouri,USA,Missouri/USA,6-4,175.0,3.0,34,Guard,Inactive,N,1610612747,Lakers,LAL,lakers,Los Angeles,HISTADD_clayton_johnson,1970-01-01 00:00:00.000001981,1970-01-01 00:00:00.000001983,N,Y,Y,1978,5,110,N
77142,Magic,Johnson,Magic Johnson,"Johnson, Magic",M. Johnson,magic-johnson,1959-08-14,Michigan State,USA,Michigan State/USA,6-9,220.0,13.0,32,Forward-Guard,Inactive,N,1610612747,Lakers,LAL,lakers,Los Angeles,HISTADD_magic_johnson,1970-01-01 00:00:00.000001979,1970-01-01 00:00:00.000001995,N,Y,Y,1979,1,1,Y
77165,Ron,Johnson,Ron Johnson,"Johnson, Ron",R. Johnson,ron-johnson,1938-07-20,Minnesota,USA,Minnesota/USA,6-8,215.0,1.0,52,Forward,Inactive,N,1610612747,Lakers,LAL,lakers,Los Angeles,HISTADD_ron_johnson,1970-01-01 00:00:00.000001960,1970-01-01 00:00:00.000001960,N,Y,Y,1960,2,12,N
77172,Howie,Jolliff,Howie Jolliff,"Jolliff, Howie",H. Jolliff,howie-jolliff,1938-07-20,Ohio,USA,Ohio/USA,6-7,218.0,3.0,54,Forward,Inactive,N,1610612747,Lakers,LAL,lakers,Los Angeles,HISTADD_howie_jolliff,1970-01-01 00:00:00.000001960,1970-01-01 00:00:00.000001962,N,Y,Y,1960,7,50,N
1630222,Mason,Jones,Mason Jones,"Jones, Mason",M. Jones,mason-jones,1998-07-21,Arkansas,USA,Arkansas/USA,6-4,200.0,3.0,40,Guard,Inactive,N,1610612747,Lakers,LAL,lakers,Los Angeles,mason_jones,1970-01-01 00:00:00.000002020,1970-01-01 00:00:00.000002021,Y,Y,Y,Undrafted,Undrafted,Undrafted,N
77211,Johnny,Jorgensen,Johnny Jorgensen,"Jorgensen, Johnny",J. Jorgensen,johnny-jorgensen,1921-12-28,DePaul,USA,DePaul/USA,6-2,185.0,2.0,16,Guard,Inactive,N,1610612747,Lakers,MNL,lakers,Minneapolis,HISTADD_johnny_jorgensen,1970-01-01 00:00:00.000001947,1970-01-01 00:00:00.000001948,N,Y,Y,Undrafted,Undrafted,Undrafted,N
77219,Ed,Kalafat,Ed Kalafat,"Kalafat, Ed",E. Kalafat,ed-kalafat,1932-10-13,Minnesota,USA,Minnesota/USA,6-6,245.0,3.0,23,Center,Inactive,N,1610612747,Lakers,MNL,lakers,Minneapolis,HISTADD_ed_kalafat,1970-01-01 00:00:00.000001954,1970-01-01 00:00:00.000001956,N,Y,Y,1954,1,9,N
201207,Coby,Karl,Coby Karl,"Karl, Coby",C. Karl,coby-karl,1983-06-08,Boise State,USA,Boise State/USA,6-5,215.0,3.0,22,Guard,Inactive,N,1610612747,Lakers,LAL,lakers,Los Angeles,coby_karl,1970-01-01 00:00:00.000002007,1970-01-01 00:00:00.000002009,Y,Y,Y,Undrafted,Undrafted,Undrafted,N
203527,Ryan,Kelly,Ryan Kelly,"Kelly, Ryan",R. Kelly,ryan-kelly,1991-04-09,Duke,USA,Duke/USA,6-11,230.0,5.0,30,Forward,Inactive,N,1610612747,Lakers,LAL,lakers,Los Angeles,ryan_kelly,1970-01-01 00:00:00.000002013,1970-01-01 00:00:00.000002016,Y,Y,Y,2013,2,48,N
77270,Jim,King,Jim King,"King, Jim",J. King,jim-king,1941-02-07,Tulsa,USA,Tulsa/USA,6-2,175.0,10.0,21,Guard,Inactive,N,1610612747,Lakers,LAL,lakers,Los Angeles,HISTADD_country_king,1970-01-01 00:00:00.000001963,1970-01-01 00:00:00.000001972,N,Y,Y,1963,2,13,N
969,Travis,Knight,Travis Knight,"Knight, Travis",T. Knight,travis-knight,1974-09-13,Connecticut,USA,Connecticut/USA,7-0,235.0,8.0,44,Center,Inactive,N,1610612747,Lakers,LAL,lakers,Los Angeles,travis_knight,1970-01-01 00:00:00.000001996,1970-01-01 00:00:00.000002002,N,Y,Y,1996,1,29,N
77311,Jim,Krebs,Jim Krebs,"Krebs, Jim",J. Krebs,jim-krebs,1935-09-08,Southern Methodist,USA,Southern Methodist/USA,6-8,230.0,7.0,32,Center,Inactive,N,1610612747,Lakers,LAL,lakers,Los Angeles,HISTADD_red_krebs,1970-01-01 00:00:00.000001957,1970-01-01 00:00:00.000001963,N,Y,Y,1957,1,3,N
77325,Charles,Kupec,Charles Kupec,"Kupec, Charles",C. Kupec,charles-kupec,1953-01-16,Michigan,USA,Michigan/USA,6-6,220.0,3.0,25,Center,Inactive,N,1610612747,Lakers,LAL,lakers,Los Angeles,HISTADD_cj_kupec,1970-01-01 00:00:00.000001975,1970-01-01 00:00:00.000001977,N,Y,Y,1975,4,56,N
77340,Rudy,LaRusso,Rudy LaRusso,"LaRusso, Rudy",R. LaRusso,rudy-larusso,1937-11-11,Dartmouth,USA,Dartmouth/USA,6-8,220.0,10.0,35,Forward,Inactive,N,1610612747,Lakers,LAL,lakers,Los Angeles,HISTADD_rudy_larusso,1970-01-01 00:00:00.000001959,1970-01-01 00:00:00.000001968,N,Y,Y,1959,2,10,N
77334,Mark,Landsberger,Mark Landsberger,"Landsberger, Mark",M. Landsberger,mark-landsberger,1955-05-21,Arizona State,USA,Arizona State/USA,6-8,215.0,7.0,54,Forward,Inactive,N,1610612747,Lakers,LAL,lakers,Los Angeles,HISTADD_mark_landsberger,1970-01-01 00:00:00.000001977,1970-01-01 00:00:00.000001983,N,Y,Y,1977,2,35,N
77371,Bob,Leonard,Bob Leonard,"Leonard, Bob",B. Leonard,bob-leonard,1932-07-17,Indiana,USA,Indiana/USA,6-3,185.0,7.0,21,Guard,Inactive,N,1610612747,Lakers,LAL,lakers,Los Angeles,HISTADD_slick_leonard,1970-01-01 00:00:00.000001956,1970-01-01 00:00:00.000001962,N,Y,Y,1954,2,10,N
77414,Clyde,Lovellette,Clyde Lovellette,"Lovellette, Clyde",C. Lovellette,clyde-lovellette,1929-09-07,Kansas,USA,Kansas/USA,6-9,234.0,11.0,34,Center,Inactive,N,1610612747,Lakers,MNL,lakers,Minneapolis,HISTADD_clyde_lovellette,1970-01-01 00:00:00.000001953,1970-01-01 00:00:00.000001963,N,Y,Y,1952,1,9,N
77427,Mike,Lynn,Mike Lynn,"Lynn, Mike",M. Lynn,mike-lynn,1945-11-25,UCLA,USA,UCLA/USA,6-7,215.0,2.0,25,Forward,Inactive,N,1610612747,Lakers,LAL,lakers,Los Angeles,HISTADD_mike_lynn,1970-01-01 00:00:00.000001969,1970-01-01 00:00:00.000001970,N,Y,Y,1968,4,39,N
203088,Kendall,Marshall,Kendall Marshall,"Marshall, Kendall",K. Marshall,kendall-marshall,1991-08-19,North Carolina,USA,North Carolina/USA,6-4,200.0,5.0,5,Guard,Inactive,N,1610612747,Lakers,LAL,lakers,Los Angeles,kendall_marshall,1970-01-01 00:00:00.000002012,1970-01-01 00:00:00.000002015,Y,Y,Y,2012,1,13,N
77480,Slater,Martin,Slater Martin,"Martin, Slater",S. Martin,slater-martin,1925-10-22,Texas-Austin,USA,Texas-Austin/USA,5-10,170.0,11.0,22,Guard,Inactive,N,1610612747,Lakers,MNL,lakers,Minneapolis,HISTADD_slater_martin,1970-01-01 00:00:00.000001949,1970-01-01 00:00:00.000001959,N,Y,Y,Undrafted,Undrafted,Undrafted,N
2788,DJ,Mbenga,DJ Mbenga,"Mbenga, DJ",D. Mbenga,dj-mbenga,1980-12-30,Spirou Charleroi,Belgium,Spirou Charleroi/Belgium,7-0,255.0,8.0,28,Center,Inactive,N,1610612747,Lakers,LAL,lakers,Los Angeles,dj_mbenga,1970-01-01 00:00:00.000002004,1970-01-01 00:00:00.000002010,N,Y,Y,Undrafted,Undrafted,Undrafted,N
77502,Mel,McCants,Mel McCants,"McCants, Mel",M. McCants,mel-mccants,1967-08-19,Purdue,USA,Purdue/USA,6-8,240.0,1.0,49,Forward,Inactive,N,1610612747,Lakers,LAL,lakers,Los Angeles,HISTADD_mel_mccants,1970-01-01 00:00:00.000001989,1970-01-01 00:00:00.000001989,N,Y,Y,Undrafted,Undrafted,Undrafted,N
77505,Willie,McCarter,Willie McCarter,"McCarter, Willie",W. McCarter,willie-mccarter,1946-07-26,Drake,USA,Drake/USA,6-3,175.0,3.0,17,Guard,Inactive,N,1610612747,Lakers,LAL,lakers,Los Angeles,HISTADD_willie_mccarter,1970-01-01 00:00:00.000001969,1970-01-01 00:00:00.000001971,N,Y,Y,1969,1,12,N
77530,Mike,McGee,Mike McGee,"McGee, Mike",M. McGee,mike-mcgee,1959-07-29,Michigan,USA,Michigan/USA,6-5,190.0,9.0,40,Forward,Inactive,N,1610612747,Lakers,LAL,lakers,Los Angeles,HISTADD_mike_mcgee,1970-01-01 00:00:00.000001981,1970-01-01 00:00:00.000001989,N,Y,Y,1981,1,19,N
77554,Jim,McMillian,Jim McMillian,"McMillian, Jim",J. McMillian,jim-mcmillian,1948-03-11,Columbia,USA,Columbia/USA,6-5,215.0,9.0,5,Forward,Inactive,N,1610612747,Lakers,LAL,lakers,Los Angeles,HISTADD_jim_mcmillian,1970-01-01 00:00:00.000001970,1970-01-01 00:00:00.000001978,N,Y,Y,1970,1,13,N
2098,Slava,Medvedenko,Slava Medvedenko,"Medvedenko, Slava",S. Medvedenko,slava-medvedenko,1979-04-04,Kyiv,Ukraine,Kyiv/Ukraine,6-10,253.0,8.0,3,Forward,Inactive,N,1610612747,Lakers,LAL,lakers,Los Angeles,slava_medvedenko,1970-01-01 00:00:00.000002000,1970-01-01 00:00:00.000002006,N,Y,Y,Undrafted,Undrafted,Undrafted,N
77579,Chuck,Mencel,Chuck Mencel,"Mencel, Chuck",C. Mencel,chuck-mencel,1933-04-21,Minnesota,USA,Minnesota/USA,6-0,168.0,2.0,18,Guard,Inactive,N,1610612747,Lakers,MNL,lakers,Minneapolis,HISTADD_chuck_mencel,1970-01-01 00:00:00.000001955,1970-01-01 00:00:00.000001956,N,Y,Y,1955,2,12,N
600012,George,Mikan,George Mikan,"Mikan, George",G. Mikan,george-mikan,1924-06-18,DePaul,USA,DePaul/USA,6-10,245.0,7.0,99,Center,Inactive,N,1610612747,Lakers,MNL,lakers,Minneapolis,HISTADD_george_mikan,1970-01-01 00:00:00.000001948,1970-01-01 00:00:00.000001955,N,Y,Y,Undrafted,Undrafted,Undrafted,Y
77593,Vern,Mikkelsen,Vern Mikkelsen,"Mikkelsen, Vern",V. Mikkelsen,vern-mikkelsen,1928-10-21,Hamline,USA,Hamline/USA,6-7,230.0,10.0,19,Forward,Inactive,N,1610612747,Lakers,MNL,lakers,Minneapolis,HISTADD_vern_mikkelsen,1970-01-01 00:00:00.000001949,1970-01-01 00:00:00.000001958,N,Y,Y,1949,,,N
202721,Darius,Morris,Darius Morris,"Morris, Darius",D. Morris,darius-morris,1991-01-03,Michigan,USA,Michigan/USA,6-4,195.0,5.0,14,Guard,Inactive,N,1610612747,Lakers,LAL,lakers,Los Angeles,darius_morris,1970-01-01 00:00:00.000002011,1970-01-01 00:00:00.000002014,Y,Y,Y,2011,2,41,N
77668,Allen,Murphy,Allen Murphy,"Murphy, Allen",A. Murphy,allen-murphy,1952-07-15,Louisville,USA,Louisville/USA,6-4,190.0,1.0,20,Guard,Inactive,N,1610612747,Lakers,LAL,lakers,Los Angeles,HISTADD_allen_murphy,1970-01-01 00:00:00.000001976,1970-01-01 00:00:00.000001976,N,Y,Y,1975,2,35,N
77687,Charles,Nash,Charles Nash,"Nash, Charles",C. Nash,charles-nash,1942-07-24,Kentucky,USA,Kentucky/USA,6-5,215.0,1.0,17,Forward,Inactive,N,1610612747,Lakers,LAL,lakers,Los Angeles,HISTADD_cotton_nash,1970-01-01 00:00:00.000001964,1970-01-01 00:00:00.000001964,N,Y,Y,1964,2,12,N
77705,Johnny,Neumann,Johnny Neumann,"Neumann, Johnny",J. Neumann,johnny-neumann,1951-09-11,Mississippi,USA,Mississippi/USA,6-6,200.0,2.0,21,Guard,Inactive,N,1610612747,Lakers,LAL,lakers,Los Angeles,HISTADD_johnny_neumann,1970-01-01 00:00:00.000001976,1970-01-01 00:00:00.000001977,N,Y,Y,1973,6,98,N
77721,Norm,Nixon,Norm Nixon,"Nixon, Norm",N. Nixon,norm-nixon,1955-10-11,Duquesne,USA,Duquesne/USA,6-2,170.0,10.0,10,Guard,Inactive,N,1610612747,Lakers,LAL,lakers,Los Angeles,HISTADD_norm_nixon,1970-01-01 00:00:00.000001977,1970-01-01 00:00:00.000001988,N,Y,Y,1977,1,22,N
406,Shaquille,O'Neal,Shaquille O'Neal,"O'Neal, Shaquille",S. O'Neal,shaquille-oneal,1972-03-06,Louisiana State,USA,Louisiana State/USA,7-1,325.0,19.0,34,Center,Inactive,N,1610612747,Lakers,LAL,lakers,Los Angeles,shaquille_o'neal,1970-01-01 00:00:00.000001992,1970-01-01 00:00:00.000002010,N,Y,Y,1992,1,1,Y
1885,Lamar,Odom,Lamar Odom,"Odom, Lamar",L. Odom,lamar-odom,1979-11-06,Rhode Island,USA,Rhode Island/USA,6-10,230.0,15.0,,Forward,Inactive,N,1610612747,Lakers,LAL,lakers,Los Angeles,lamar_odom,1970-01-01 00:00:00.000001999,1970-01-01 00:00:00.000002013,N,Y,Y,1999,1,4,N
77785,Keith,Owens,Keith Owens,"Owens, Keith",K. Owens,keith-owens,1969-05-31,UCLA,USA,UCLA/USA,6-7,225.0,1.0,25,Forward,Inactive,N,1610612747,Lakers,LAL,lakers,Los Angeles,HISTADD_keith_owens,1970-01-01 00:00:00.000001991,1970-01-01 00:00:00.000001991,N,Y,Y,Undrafted,Undrafted,Undrafted,N
2470,Smush,Parker,Smush Parker,"Parker, Smush",S. Parker,smush-parker,1981-06-01,Fordham,USA,Fordham/USA,6-4,190.0,6.0,1,Guard,Inactive,N,1610612747,Lakers,LAL,lakers,Los Angeles,smush_parker,1970-01-01 00:00:00.000002002,1970-01-01 00:00:00.000002007,Y,Y,Y,Undrafted,Undrafted,Undrafted,N
77808,Myles,Patrick,Myles Patrick,"Patrick, Myles",M. Patrick,myles-patrick,1954-11-16,Auburn,USA,Auburn/USA,6-8,220.0,1.0,34,Forward,Inactive,N,1610612747,Lakers,LAL,lakers,Los Angeles,HISTADD_myles_patrick,1970-01-01 00:00:00.000001980,1970-01-01 00:00:00.000001980,N,Y,Y,Undrafted,Undrafted,Undrafted,N
77818,Jim,Paxson,Jim Paxson,"Paxson, Jim",J. Paxson,jim-paxson,1932-12-19,Dayton,USA,Dayton/USA,6-6,200.0,2.0,11,Guard,Inactive,N,1610612747,Lakers,MNL,lakers,Minneapolis,HISTADD_dupp_jim_paxson,1970-01-01 00:00:00.000001956,1970-01-01 00:00:00.000001957,N,Y,Y,1956,1,3,N
77859,John,Pilch,John Pilch,"Pilch, John",J. Pilch,john-pilch,1925-07-11,Wyoming,USA,Wyoming/USA,6-3,185.0,1.0,,Forward,Inactive,N,1610612747,Lakers,MNL,lakers,Minneapolis,HISTADD_john_pilch,1970-01-01 00:00:00.000001951,1970-01-01 00:00:00.000001951,N,Y,Y,1950,2,,N
2694,Josh,Powell,Josh Powell,"Powell, Josh",J. Powell,josh-powell,1983-01-25,North Carolina State,USA,North Carolina State/USA,6-9,240.0,8.0,21,Forward,Inactive,N,1610612747,Lakers,LAL,lakers,Los Angeles,josh_powell,1970-01-01 00:00:00.000002005,1970-01-01 00:00:00.000002013,Y,Y,Y,Undrafted,Undrafted,Undrafted,N
77905,Kurt,Rambis,Kurt Rambis,"Rambis, Kurt",K. Rambis,kurt-rambis,1958-02-25,Santa Clara,USA,Santa Clara/USA,6-8,213.0,14.0,18,Forward,Inactive,N,1610612747,Lakers,LAL,lakers,Los Angeles,HISTADD_kurt_rambis,1970-01-01 00:00:00.000001981,1970-01-01 00:00:00.000001994,N,Y,Y,1980,3,58,N
1630559,Austin,Reaves,Austin Reaves,"Reaves, Austin",A. Reaves,austin-reaves,1998-05-29,Oklahoma,USA,Oklahoma/USA,6-5,197.0,2.0,15,Guard,Active,N,1610612747,Lakers,LAL,lakers,Los Angeles,austin_reaves,1970-01-01 00:00:00.000002021,1970-01-01 00:00:00.000002023,N,Y,Y,Undrafted,Undrafted,Undrafted,N
77962,Pat,Riley,Pat Riley,"Riley, Pat",P. Riley,pat-riley,1945-03-20,Kentucky,USA,Kentucky/USA,6-4,205.0,9.0,12,Guard,Inactive,N,1610612747,Lakers,LAL,lakers,Los Angeles,HISTADD_dupp_pat_riley,1970-01-01 00:00:00.000001967,1970-01-01 00:00:00.000001975,N,Y,Y,1967,1,7,N
77973,Rick,Roberson,Rick Roberson,"Roberson, Rick",R. Roberson,rick-roberson,1947-07-07,Cincinnati,USA,Cincinnati/USA,6-9,231.0,7.0,50,Center,Inactive,N,1610612747,Lakers,LAL,lakers,Los Angeles,HISTADD_rick_roberson,1970-01-01 00:00:00.000001969,1970-01-01 00:00:00.000001975,N,Y,Y,1969,1,15,N
77978,Marv,Roberts,Marv Roberts,"Roberts, Marv",M. Roberts,marv-roberts,1950-01-29,Utah State,USA,Utah State/USA,6-8,200.0,1.0,30,Forward,Inactive,N,1610612747,Lakers,LAL,lakers,Los Angeles,HISTADD_marv_roberts,1970-01-01 00:00:00.000001976,1970-01-01 00:00:00.000001976,N,Y,Y,1971,3,45,N
1626156,D'Angelo,Russell,D'Angelo Russell,"Russell, D'Angelo",D. Russell,dangelo-russell,1996-02-23,Ohio State,USA,Ohio State/USA,6-4,193.0,8.0,1,Guard,Active,N,1610612747,Lakers,LAL,lakers,Los Angeles,d'angelo_russell,1970-01-01 00:00:00.000002015,1970-01-01 00:00:00.000002023,N,Y,Y,2015,1,2,N
203135,Robert,Sacre,Robert Sacre,"Sacre, Robert",R. Sacre,robert-sacre,1989-06-06,Gonzaga,Canada,Gonzaga/Canada,7-0,270.0,5.0,50,Center,Inactive,N,1610612747,Lakers,LAL,lakers,Los Angeles,robert_sacre,1970-01-01 00:00:00.000002012,1970-01-01 00:00:00.000002015,Y,Y,Y,2012,2,60,N
78063,Frank,Saul,Frank Saul,"Saul, Frank",F. Saul,frank-saul,1924-02-16,Seton Hall,USA,Seton Hall/USA,6-2,185.0,6.0,10,Guard,Inactive,N,1610612747,Lakers,MNL,lakers,Minneapolis,HISTADD_pep_saul,1970-01-01 00:00:00.000001949,1970-01-01 00:00:00.000001954,N,Y,Y,1949,1,10,N
78071,Herm,Schaefer,Herm Schaefer,"Schaefer, Herm",H. Schaefer,herm-schaefer,1919-12-20,Indiana,USA,Indiana/USA,6-0,175.0,2.0,10,Guard,Inactive,N,1610612747,Lakers,MNL,lakers,Minneapolis,HISTADD_herm_schaefer,1970-01-01 00:00:00.000001948,1970-01-01 00:00:00.000001949,N,Y,Y,Undrafted,Undrafted,Undrafted,N
78086,Dick,Schnittker,Dick Schnittker,"Schnittker, Dick",D. Schnittker,dick-schnittker,1928-05-27,Ohio State,USA,Ohio State/USA,6-5,200.0,6.0,15,Forward,Inactive,N,1610612747,Lakers,MNL,lakers,Minneapolis,HISTADD_dick_schnittker,1970-01-01 00:00:00.000001950,1970-01-01 00:00:00.000001957,N,Y,Y,1950,1,4,N
203471,Dennis,Schroder,Dennis Schroder,"Schroder, Dennis",D. Schroder,dennis-schroder,1993-09-15,Braunschweig,Germany,Braunschweig/Germany,6-1,172.0,10.0,17,Guard,Active,N,1610612747,Lakers,LAL,lakers,Los Angeles,dennis_schroder,1970-01-01 00:00:00.000002013,1970-01-01 00:00:00.000002023,Y,Y,Y,2013,1,17,N
78091,Howie,Schultz,Howie Schultz,"Schultz, Howie",H. Schultz,howie-schultz,1922-07-03,Hamline,USA,Hamline/USA,6-6,200.0,3.0,15,Forward,Inactive,N,1610612747,Lakers,MNL,lakers,Minneapolis,HISTADD_stretch_schultz,1970-01-01 00:00:00.000001949,1970-01-01 00:00:00.000001952,N,Y,Y,Undrafted,Undrafted,Undrafted,N
2,Byron,Scott,Byron Scott,"Scott, Byron",B. Scott,byron-scott,1961-03-28,Arizona State,USA,Arizona State/USA,6-4,205.0,14.0,,Guard,Inactive,N,1610612747,Lakers,LAL,lakers,Los Angeles,byron_scott,1970-01-01 00:00:00.000001983,1970-01-01 00:00:00.000001996,N,Y,Y,1983,1,4,N
78113,Frank,Selvy,Frank Selvy,"Selvy, Frank",F. Selvy,frank-selvy,1932-11-09,Furman,USA,Furman/USA,6-2,180.0,9.0,11,Guard,Inactive,N,1610612747,Lakers,LAL,lakers,Los Angeles,HISTADD_frank_selvy,1970-01-01 00:00:00.000001954,1970-01-01 00:00:00.000001963,N,Y,Y,1954,1,1,N
216,Brian,Shaw,Brian Shaw,"Shaw, Brian",B. Shaw,brian-shaw,1966-03-22,California-Santa Barbara,USA,California-Santa Barbara/USA,6-6,200.0,15.0,20,Guard,Inactive,N,1610612747,Lakers,LAL,lakers,Los Angeles,brian_shaw,1970-01-01 00:00:00.000001988,1970-01-01 00:00:00.000002002,N,Y,Y,1988,1,24,N
78169,Whitey,Skoog,Whitey Skoog,"Skoog, Whitey",W. Skoog,whitey-skoog,1926-11-02,Minnesota,USA,Minnesota/USA,5-11,180.0,6.0,20,Guard,Inactive,N,1610612747,Lakers,MNL,lakers,Minneapolis,HISTADD_whitey_skoog,1970-01-01 00:00:00.000001951,1970-01-01 00:00:00.000001956,N,Y,Y,1951,,,N
78185,Donald,Smith,Donald Smith,"Smith, Donald",D. Smith,donald-smith,1920-07-27,Minnesota,USA,Minnesota/USA,6-2,190.0,1.0,,Forward,Inactive,N,1610612747,Lakers,MNL,lakers,Minneapolis,HISTADD_des_smith,1970-01-01 00:00:00.000001948,1970-01-01 00:00:00.000001948,N,Y,Y,1947,,,N
78188,Elmore,Smith,Elmore Smith,"Smith, Elmore",E. Smith,elmore-smith,1949-05-09,Kentucky State,USA,Kentucky State/USA,7-1,250.0,8.0,3,Center,Inactive,N,1610612747,Lakers,LAL,lakers,Los Angeles,HISTADD_elmore_smith,1970-01-01 00:00:00.000001971,1970-01-01 00:00:00.000001978,N,Y,Y,1971,1,3,N
1091,Mike,Smrek,Mike Smrek,"Smrek, Mike",M. Smrek,mike-smrek,1962-08-31,Canisius,USA,Canisius/USA,7-0,250.0,7.0,55,Center,Inactive,N,1610612747,Lakers,LAL,lakers,Los Angeles,mike_smrek,1970-01-01 00:00:00.000001985,1970-01-01 00:00:00.000001991,N,Y,Y,1985,2,25,N
78233,Larry,Spriggs,Larry Spriggs,"Spriggs, Larry",L. Spriggs,larry-spriggs,1959-09-08,Howard,USA,Howard/USA,6-7,230.0,5.0,35,Forward,Inactive,N,1610612747,Lakers,LAL,lakers,Los Angeles,HISTADD_larry_spriggs,1970-01-01 00:00:00.000001981,1970-01-01 00:00:00.000001985,N,Y,Y,1981,4,81,N
201180,Yue,Sun,Sun Sun,"Sun, Sun",S. Sun,yue-sun,1985-11-06,Beijing,China,Beijing/China,6-9,205.0,2.0,9,Guard,Inactive,N,1610612747,Lakers,LAL,lakers,Los Angeles,yue_sun,1970-01-01 00:00:00.000002008,1970-01-01 00:00:00.000002008,Y,Y,Y,2007,2,40,N
1631306,Cole,Swider,Cole Swider,"Swider, Cole",C. Swider,cole-swider,1999-05-08,Syracuse,USA,Syracuse/USA,6-9,220.0,1.0,20,Forward,Active,N,1610612747,Lakers,LAL,lakers,Los Angeles,cole_swider,1970-01-01 00:00:00.000002022,1970-01-01 00:00:00.000002023,Y,Y,Y,Undrafted,Undrafted,Undrafted,N
78294,Earl,Tatum,Earl Tatum,"Tatum, Earl",E. Tatum,earl-tatum,1953-07-26,Marquette,USA,Marquette/USA,6-4,185.0,4.0,43,Guard,Inactive,N,1610612747,Lakers,LAL,lakers,Los Angeles,HISTADD_earl_tatum,1970-01-01 00:00:00.000001976,1970-01-01 00:00:00.000001979,N,Y,Y,1976,2,21,N
78317,Irving,Thomas,Irving Thomas,"Thomas, Irving",I. Thomas,irving-thomas,1966-01-02,Florida State,USA,Florida State/USA,6-8,225.0,1.0,30,Forward,Inactive,N,1610612747,Lakers,LAL,lakers,Los Angeles,HISTADD_irving_thomas,1970-01-01 00:00:00.000001990,1970-01-01 00:00:00.000001990,N,Y,Y,Undrafted,Undrafted,Undrafted,N
202684,Tristan,Thompson,Tristan Thompson,"Thompson, Tristan",T. Thompson,tristan-thompson,1991-03-13,Texas-Austin,Canada,Texas-Austin/Canada,6-9,254.0,12.0,9,Center-Forward,Active,N,1610612747,Lakers,LAL,lakers,Los Angeles,tristan_thompson,1970-01-01 00:00:00.000002011,1970-01-01 00:00:00.000002023,N,Y,Y,2011,1,4,N
9,Sedale,Threatt,Sedale Threatt,"Threatt, Sedale",S. Threatt,sedale-threatt,1961-09-10,West Virginia Tech,USA,West Virginia Tech/USA,6-2,185.0,14.0,2,Guard,Inactive,N,1610612747,Lakers,LAL,lakers,Los Angeles,sedale_threatt,1970-01-01 00:00:00.000001983,1970-01-01 00:00:00.000001996,N,Y,Y,1983,6,139,N
89,Nick,Van Exel,Nick Van Exel,"Van Exel, Nick",N. Van Exel,nick-van-exel,1971-11-27,Cincinnati,USA,Cincinnati/USA,6-1,190.0,13.0,31,Guard,Inactive,N,1610612747,Lakers,LAL,lakers,Los Angeles,nick_van exel,1970-01-01 00:00:00.000001993,1970-01-01 00:00:00.000002005,N,Y,Y,1993,2,37,N
1629020,Jarred,Vanderbilt,Jarred Vanderbilt,"Vanderbilt, Jarred",J. Vanderbilt,jarred-vanderbilt,1999-04-03,Kentucky,USA,Kentucky/USA,6-8,214.0,5.0,2,Forward,Active,N,1610612747,Lakers,LAL,lakers,Los Angeles,jarred_vanderbilt,1970-01-01 00:00:00.000002018,1970-01-01 00:00:00.000002023,Y,Y,Y,2018,2,41,N
2756,Sasha,Vujacic,Sasha Vujacic,"Vujacic, Sasha",S. Vujacic,sasha-vujacic,1984-03-08,Udine,Slovenia,Udine/Slovenia,6-7,195.0,11.0,18,Guard,Inactive,N,1610612747,Lakers,LAL,lakers,Los Angeles,sasha_vujacic,1970-01-01 00:00:00.000002004,1970-01-01 00:00:00.000002016,N,Y,Y,2004,1,27,N
78429,Milt,Wagner,Milt Wagner,"Wagner, Milt",M. Wagner,milt-wagner,1963-02-20,Louisville,USA,Louisville/USA,6-5,185.0,2.0,25,Guard,Inactive,N,1610612747,Lakers,LAL,lakers,Los Angeles,HISTADD_milt_wagner,1970-01-01 00:00:00.000001987,1970-01-01 00:00:00.000001990,N,Y,Y,1986,2,35,N
1629022,Lonnie,Walker IV,Lonnie Walker IV,"Walker IV, Lonnie",L. Walker IV,lonnie-walker-iv,1998-12-14,Miami,USA,Miami/USA,6-4,204.0,5.0,4,Guard-Forward,Active,N,1610612747,Lakers,LAL,lakers,Los Angeles,lonnie_walker,1970-01-01 00:00:00.000002018,1970-01-01 00:00:00.000002023,Y,Y,Y,2018,1,18,N
2575,Luke,Walton,Luke Walton,"Walton, Luke",L. Walton,luke-walton,1980-03-28,Arizona,USA,Arizona/USA,6-8,235.0,11.0,4,Forward,Inactive,N,1610612747,Lakers,LAL,lakers,Los Angeles,luke_walton,1970-01-01 00:00:00.000002003,1970-01-01 00:00:00.000002012,N,Y,Y,2003,2,32,N
78467,Kermit,Washington,Kermit Washington,"Washington, Kermit",K. Washington,kermit-washington,1951-09-17,American,USA,American/USA,6-8,230.0,10.0,3,Forward,Inactive,N,1610612747,Lakers,LAL,lakers,Los Angeles,HISTADD_kermit_washington,1970-01-01 00:00:00.000001973,1970-01-01 00:00:00.000001987,N,Y,Y,1973,1,5,N
78497,Jerry,West,Jerry West,"West, Jerry",J. West,jerry-west,1938-05-28,West Virginia,USA,West Virginia/USA,6-3,175.0,14.0,44,Guard,Inactive,N,1610612747,Lakers,LAL,lakers,Los Angeles,HISTADD_jerry_west,1970-01-01 00:00:00.000001960,1970-01-01 00:00:00.000001973,N,Y,Y,1960,1,2,Y
78526,Gene,Wiley,Gene Wiley,"Wiley, Gene",G. Wiley,gene-wiley,1937-11-12,Wichita State,USA,Wichita State/USA,6-10,210.0,4.0,12,Center,Inactive,N,1610612747,Lakers,LAL,lakers,Los Angeles,HISTADD_gene_wiley,1970-01-01 00:00:00.000001962,1970-01-01 00:00:00.000001965,N,Y,Y,1962,2,15,N
78532,Jamaal,Wilkes,Jamaal Wilkes,"Wilkes, Jamaal",J. Wilkes,jamaal-wilkes,1953-05-02,UCLA,USA,UCLA/USA,6-6,190.0,12.0,52,Forward,Inactive,N,1610612747,Lakers,LAL,lakers,Los Angeles,HISTADD_jamaal_wilkes,1970-01-01 00:00:00.000001974,1970-01-01 00:00:00.000001985,N,Y,Y,1974,1,11,N
78564,Bob,Williams,Bob Williams,"Williams, Bob",B. Williams,bob-williams,1931-05-12,Florida A&M,USA,Florida A&M/USA,6-6,230.0,2.0,33,Forward,Inactive,N,1610612747,Lakers,MNL,lakers,Minneapolis,HISTADD_bob_williams,1970-01-01 00:00:00.000001955,1970-01-01 00:00:00.000001956,N,Y,Y,Undrafted,Undrafted,Undrafted,N
1629140,Johnathan,Williams,Johnathan Williams,"Williams, Johnathan",J. Williams,johnathan-williams,1995-05-22,Gonzaga,USA,Gonzaga/USA,6-9,228.0,3.0,19,Forward,Inactive,N,1610612747,Lakers,LAL,lakers,Los Angeles,johnathan_williams,1970-01-01 00:00:00.000002018,1970-01-01 00:00:00.000002019,Y,Y,Y,Undrafted,Undrafted,Undrafted,N
1897,Metta,World Peace,Metta World Peace,"World Peace, Metta",M. World Peace,metta-world-peace,1979-11-13,St. John's (NY),USA,St. John's (NY)/USA,6-7,260.0,18.0,37,Forward,Inactive,N,1610612747,Lakers,LAL,lakers,Los Angeles,metta_world peace,1970-01-01 00:00:00.000001999,1970-01-01 00:00:00.000002016,N,Y,Y,1999,1,16,N
1460,James,Worthy,James Worthy,"Worthy, James",J. Worthy,james-worthy,1961-02-27,North Carolina,USA,North Carolina/USA,6-9,225.0,12.0,42,Forward,Inactive,N,1610612747,Lakers,LAL,lakers,Los Angeles,james_worthy,1970-01-01 00:00:00.000001982,1970-01-01 00:00:00.000001993,N,Y,Y,1982,1,1,Y
78630,Wayne,Yates,Wayne Yates,"Yates, Wayne",W. Yates,wayne-yates,1937-11-07,Memphis,USA,Memphis/USA,6-8,235.0,1.0,55,Center,Inactive,N,1610612747,Lakers,LAL,lakers,Los Angeles,HISTADD_wayne_yates,1970-01-01 00:00:00.000001961,1970-01-01 00:00:00.000001961,N,Y,Y,1961,1,5,N
